{
  "name": "AgbakoAI Dev Container",
  "image": "mcr.microsoft.com/devcontainers/universal:2",
  "features": {
    "python": "3.11",
    "docker-in-docker": "latest"
  },
  "postCreateCommand": "pip install -r requirements.txt && pip install black flake8 pytest coverage",
  "customizations": {
    "vscode": {
      "extensions": [
        "ms-python.python",
        "ms-python.vscode-pylance",
        "ms-azuretools.vscode-docker",
        "esbenp.prettier-vscode"
      ],
      "settings": {
        "python.pythonPath": "/usr/local/bin/python",
        "editor.formatOnSave": true
      }
    }
  },
  "remoteUser": "vscode"
}
