Transaction Hash,Status,Method,Blockno,DateTime (UTC),From,From_Nametag,To,To_Nametag,Amount,Value (USD),Txn Fee
"0x7380066f0622f2d5a7f0fd45a307c052d1699ef90c9695bad5d519ab3c96f289","Success","Commit Blob","22234992","2025-04-10 00:39:59","0xdbbe3d8c2d2b22a2611c5a94a9a12c2fcd49eb29","World: Batch Submitter","0xff00000000000000000000000000000000000480","","0 ETH","$0.00","0.00011678"
"0xfb5f6cbb5c83bc078aaae2ac49aa0dbdc4aa23e037f8eb3899b77c35ca97b890","Success","Commit Blob","22234986","2025-04-10 00:38:47","0xdbbe3d8c2d2b22a2611c5a94a9a12c2fcd49eb29","World: Batch Submitter","0xff00000000000000000000000000000000000480","","0 ETH","$0.00","0.00011708"
"0x117bc8481ca1297281d7a4ae24a4f11a00960bd7467a30391ee8c29d656e46ad","Success","Commit Blob","22234980","2025-04-10 00:37:35","0xdbbe3d8c2d2b22a2611c5a94a9a12c2fcd49eb29","World: Batch Submitter","0xff00000000000000000000000000000000000480","","0 ETH","$0.00","0.00011754"
"0xb5179efd00c8f00624f584daf4952a74b6b79816d742164fce8a5287099a552b","Success","Commit Blob","22234974","2025-04-10 00:36:23","0xdbbe3d8c2d2b22a2611c5a94a9a12c2fcd49eb29","World: Batch Submitter","0xff00000000000000000000000000000000000480","","0 ETH","$0.00","0.00011815"
"0xa1198242dff0f0918eeac1a36952402e06ce09a23b74e09f59efb3b45f2aa698","Success","Commit Blob","22234971","2025-04-10 00:35:47","0xdbbe3d8c2d2b22a2611c5a94a9a12c2fcd49eb29","World: Batch Submitter","0xff00000000000000000000000000000000000480","","0 ETH","$0.00","0.00011892"
"0x925e5ac325d36eb820d1d6c256bfada7a7380b4cf31ce63d1fea7602eb41e31a","Success","Commit Blob","22234963","2025-04-10 00:34:11","0xdbbe3d8c2d2b22a2611c5a94a9a12c2fcd49eb29","World: Batch Submitter","0xff00000000000000000000000000000000000480","","0 ETH","$0.00","0.00011788"
"0xcdc1e6f4d300aa90d1e63d8da73ef97db09361751a8b66dac98a2e0be508ed73","Success","Commit Blob","22234958","2025-04-10 00:33:11","0xdbbe3d8c2d2b22a2611c5a94a9a12c2fcd49eb29","World: Batch Submitter","0xff00000000000000000000000000000000000480","","0 ETH","$0.00","0.0001186"
"0x8d4190bb9888ef61f5d652e32dff92abcb63c6ed81085e667d73c396d707cda9","Success","Commit Blob","22234954","2025-04-10 00:32:23","0xdbbe3d8c2d2b22a2611c5a94a9a12c2fcd49eb29","World: Batch Submitter","0xff00000000000000000000000000000000000480","","0 ETH","$0.00","0.00011769"
"0x730a59b625b6ecb4a300e44e55865c3b259598c86996d3f5a27a89a43ebf1e2c","Success","Commit Blob","22234946","2025-04-10 00:30:47","0xdbbe3d8c2d2b22a2611c5a94a9a12c2fcd49eb29","World: Batch Submitter","0xff00000000000000000000000000000000000480","","0 ETH","$0.00","0.00011694"
"0x54ebaee5e45ace9f3fbe71f360a043acc428fdf21d1ffbd21e968f0acf0b3529","Success","Commit Blob","22234940","2025-04-10 00:29:35","0xdbbe3d8c2d2b22a2611c5a94a9a12c2fcd49eb29","World: Batch Submitter","0xff00000000000000000000000000000000000480","","0 ETH","$0.00","0.00011765"
"0x13530f3d68a2ca7f8f29ab53c35e6dc18574830b652846227144eeba95d007b0","Success","Commit Blob","22234938","2025-04-10 00:29:11","0xdbbe3d8c2d2b22a2611c5a94a9a12c2fcd49eb29","World: Batch Submitter","0xff00000000000000000000000000000000000480","","0 ETH","$0.00","0.00011744"
"0x0d69ec072b1baac89afd9f28093f4ffbf00b9caada3aafd53255e7a0eb08adbd","Success","Commit Blob","22234930","2025-04-10 00:27:35","0xdbbe3d8c2d2b22a2611c5a94a9a12c2fcd49eb29","World: Batch Submitter","0xff00000000000000000000000000000000000480","","0 ETH","$0.00","0.00011596"
"0xd37103dba2c6535897b8176458ca597fd978ee717943811fe42c08ef8f6d174c","Success","Commit Blob","22234924","2025-04-10 00:26:23","0xdbbe3d8c2d2b22a2611c5a94a9a12c2fcd49eb29","World: Batch Submitter","0xff00000000000000000000000000000000000480","","0 ETH","$0.00","0.00011718"
"0x06f46f7d4e4aeff0888907357877f35f6fe613a6954467deb3aba54198e0df23","Success","Commit Blob","22234918","2025-04-10 00:25:11","0xdbbe3d8c2d2b22a2611c5a94a9a12c2fcd49eb29","World: Batch Submitter","0xff00000000000000000000000000000000000480","","0 ETH","$0.00","0.00011651"
"0x85f268389eb1a5ebf2c9621fbb81c427838a4340ff24b7c6122ea392bf04cfab","Success","Commit Blob","22234917","2025-04-10 00:24:59","0xdbbe3d8c2d2b22a2611c5a94a9a12c2fcd49eb29","World: Batch Submitter","0xff00000000000000000000000000000000000480","","0 ETH","$0.00","0.00011598"
"0x709b46b07a23fa547472e3d812405cb7e658373d7706da63583c572ea1fb504c","Success","Commit Blob","22234906","2025-04-10 00:22:47","0xdbbe3d8c2d2b22a2611c5a94a9a12c2fcd49eb29","World: Batch Submitter","0xff00000000000000000000000000000000000480","","0 ETH","$0.00","0.00011672"
"0x00a332ee9f9bc935ba9b7d02e0825405d4fa59d88f0e032dd654dd6a6278771f","Success","Commit Blob","22234900","2025-04-10 00:21:35","0xdbbe3d8c2d2b22a2611c5a94a9a12c2fcd49eb29","World: Batch Submitter","0xff00000000000000000000000000000000000480","","0 ETH","$0.00","0.00011626"
"0x3a0d803466011ea83bbbaf43ae91390f7585b002a258cbdde1962b863e58154f","Success","Commit Blob","22234896","2025-04-10 00:20:47","0xdbbe3d8c2d2b22a2611c5a94a9a12c2fcd49eb29","World: Batch Submitter","0xff00000000000000000000000000000000000480","","0 ETH","$0.00","0.00011788"
"0x0da83c58eb20c45a2ba59f25f3c9279d920310138595d19f12c348bc5450420b","Success","Commit Blob","22234889","2025-04-10 00:19:23","0xdbbe3d8c2d2b22a2611c5a94a9a12c2fcd49eb29","World: Batch Submitter","0xff00000000000000000000000000000000000480","","0 ETH","$0.00","0.00011772"
"0x573789707f5e769efc65fcc3965dfc51909d6c6c76f667c1447c254b7e8775d8","Success","Commit Blob","22234883","2025-04-10 00:18:11","0xdbbe3d8c2d2b22a2611c5a94a9a12c2fcd49eb29","World: Batch Submitter","0xff00000000000000000000000000000000000480","","0 ETH","$0.00","0.00011702"
"0xf2b43f6267f462fa01d12b7b44055c31891672baa4ec14cc9b1370d65d748e5d","Success","Commit Blob","22234880","2025-04-10 00:17:35","0xdbbe3d8c2d2b22a2611c5a94a9a12c2fcd49eb29","World: Batch Submitter","0xff00000000000000000000000000000000000480","","0 ETH","$0.00","0.0001153"
"0x0ede4eb9c6d3f106c65bdb6736c2f5f52602361503a2a465930ec0f5f78b3a6e","Success","Commit Blob","22234880","2025-04-10 00:17:35","0xdbbe3d8c2d2b22a2611c5a94a9a12c2fcd49eb29","World: Batch Submitter","0xff00000000000000000000000000000000000480","","0 ETH","$0.00","0.0001153"
"0x46264d34f62df0a004d06a624176a79aed853dc1deebed40d06c0b3e2e9570fa","Success","Commit Blob","22234867","2025-04-10 00:14:59","0xdbbe3d8c2d2b22a2611c5a94a9a12c2fcd49eb29","World: Batch Submitter","0xff00000000000000000000000000000000000480","","0 ETH","$0.00","0.00011553"
"0x9fc1167c3c0a1dbd1f3e240d51e0ad41b0383ea97b0d8d8ed56f8c9d5f0ee50e","Success","Commit Blob","22234862","2025-04-10 00:13:59","0xdbbe3d8c2d2b22a2611c5a94a9a12c2fcd49eb29","World: Batch Submitter","0xff00000000000000000000000000000000000480","","0 ETH","$0.00","0.00011731"
"0x2bccf41aeaff77eb84fb6cc3ee85e20243eb8f803d508328d80bff5ce1f5309e","Success","Commit Blob","22234859","2025-04-10 00:13:23","0xdbbe3d8c2d2b22a2611c5a94a9a12c2fcd49eb29","World: Batch Submitter","0xff00000000000000000000000000000000000480","","0 ETH","$0.00","0.00011828"
"0xa93fa741f70ac3f72b22f86a1159e82be227aae81457925b3e9eaf2f2acd4bc3","Success","Commit Blob","22234851","2025-04-10 00:11:47","0xdbbe3d8c2d2b22a2611c5a94a9a12c2fcd49eb29","World: Batch Submitter","0xff00000000000000000000000000000000000480","","0 ETH","$0.00","0.00011957"
"0xd72077dc680b39d3f9b15a45b0c265a38c62a084543a69745243fb372f530a5c","Success","Commit Blob","22234845","2025-04-10 00:10:35","0xdbbe3d8c2d2b22a2611c5a94a9a12c2fcd49eb29","World: Batch Submitter","0xff00000000000000000000000000000000000480","","0 ETH","$0.00","0.00012096"
"0xa810043ad67af9431ea0e154d0a0feb779b2ca39489fd1a585ffc7715fc81c53","Success","Commit Blob","22234840","2025-04-10 00:09:35","0xdbbe3d8c2d2b22a2611c5a94a9a12c2fcd49eb29","World: Batch Submitter","0xff00000000000000000000000000000000000480","","0 ETH","$0.00","0.00012299"
"0xa15a8e3739cab200e7e53dde13c237d90d97ecc6c24c975e442ef5b318b63eb8","Success","Commit Blob","22234836","2025-04-10 00:08:47","0xdbbe3d8c2d2b22a2611c5a94a9a12c2fcd49eb29","World: Batch Submitter","0xff00000000000000000000000000000000000480","","0 ETH","$0.00","0.00012134"
"0x45af08b05002fc742d4a318810b95bcdc07603de5e5745aed70936dc73b28ea6","Success","Commit Blob","22234830","2025-04-10 00:07:35","0xdbbe3d8c2d2b22a2611c5a94a9a12c2fcd49eb29","World: Batch Submitter","0xff00000000000000000000000000000000000480","","0 ETH","$0.00","0.00012215"
"0x620e11cb43cd56dfca88665e51d6ed5867fe3e462e461e87e5909f85c481f63e","Success","Commit Blob","22234826","2025-04-10 00:06:47","0xdbbe3d8c2d2b22a2611c5a94a9a12c2fcd49eb29","World: Batch Submitter","0xff00000000000000000000000000000000000480","","0 ETH","$0.00","0.0001209"
"0x596259541e9f6d11e68efd47e1c5f3b9d2e767848403344373bb85983df63f69","Success","Commit Blob","22234819","2025-04-10 00:05:23","0xdbbe3d8c2d2b22a2611c5a94a9a12c2fcd49eb29","World: Batch Submitter","0xff00000000000000000000000000000000000480","","0 ETH","$0.00","0.00011883"
"0xb2a9f4a5a111f624b48bf76b989a964744d70624d3b623d57beaa1bebb5a00d9","Success","Commit Blob","22234813","2025-04-10 00:04:11","0xdbbe3d8c2d2b22a2611c5a94a9a12c2fcd49eb29","World: Batch Submitter","0xff00000000000000000000000000000000000480","","0 ETH","$0.00","0.00011494"
"0x361a5c4e02eba9f3890e4fbaf78b62f53d3df142f10becc76c6664454e002a02","Success","Commit Blob","22234809","2025-04-10 00:03:11","0xdbbe3d8c2d2b22a2611c5a94a9a12c2fcd49eb29","World: Batch Submitter","0xff00000000000000000000000000000000000480","","0 ETH","$0.00","0.00011467"
"0x80c82cc6cabd66f36f51ba51be4ef51c442bfa1f46e8387858333eaf3c59ea7e","Success","Commit Blob","22234806","2025-04-10 00:02:35","0xdbbe3d8c2d2b22a2611c5a94a9a12c2fcd49eb29","World: Batch Submitter","0xff00000000000000000000000000000000000480","","0 ETH","$0.00","0.0001142"
"0x1d8f501a0ff5969a173b0511b765622416a1bf7080943a3907c7caca4b538565","Success","Commit Blob","22234800","2025-04-10 00:01:23","0xdbbe3d8c2d2b22a2611c5a94a9a12c2fcd49eb29","World: Batch Submitter","0xff00000000000000000000000000000000000480","","0 ETH","$0.00","0.00011758"
"0x7e4f43347a3d42e8a21d42dd118ed27a988af9e126b6f43ac00ed7f3f20bdc76","Success","Commit Blob","22234795","2025-04-10 00:00:23","0xdbbe3d8c2d2b22a2611c5a94a9a12c2fcd49eb29","World: Batch Submitter","0xff00000000000000000000000000000000000480","","0 ETH","$0.00","0.00011667"
"0xc4fce2ddd11f39a1c8060e5f28ef3ea62b2899bc39b444d5a956c52ac1ab41c2","Success","Commit Blob","22234786","2025-04-09 23:58:35","0xdbbe3d8c2d2b22a2611c5a94a9a12c2fcd49eb29","World: Batch Submitter","0xff00000000000000000000000000000000000480","","0 ETH","$0.00","0.0001175"
"0xa85f14edf9b6212a4463c866bc04cc1540697caa5f40ea522fe8d62a34015802","Success","Commit Blob","22234778","2025-04-09 23:56:59","0xdbbe3d8c2d2b22a2611c5a94a9a12c2fcd49eb29","World: Batch Submitter","0xff00000000000000000000000000000000000480","","0 ETH","$0.00","0.00011775"
"0xd6653ed5c5bfa8b9ca2e92a1887361664fc4a991d92a9c322f6bd350e001f659","Success","Commit Blob","22234772","2025-04-09 23:55:47","0xdbbe3d8c2d2b22a2611c5a94a9a12c2fcd49eb29","World: Batch Submitter","0xff00000000000000000000000000000000000480","","0 ETH","$0.00","0.0001172"
"0xb7a20ee33051509d778796f14525783d29d4c24deccb094cf07906637a6c8deb","Success","Commit Blob","22234764","2025-04-09 23:54:11","0xdbbe3d8c2d2b22a2611c5a94a9a12c2fcd49eb29","World: Batch Submitter","0xff00000000000000000000000000000000000480","","0 ETH","$0.00","0.00011658"
"0x2b3701175b61fce4d6f95cd2d04973aafab07185a830c2dd3de91ca21f5b5fb2","Success","Commit Blob","22234757","2025-04-09 23:52:47","0xdbbe3d8c2d2b22a2611c5a94a9a12c2fcd49eb29","World: Batch Submitter","0xff00000000000000000000000000000000000480","","0 ETH","$0.00","0.00011746"
"0xc1ac461f76461e3445a5572d88a06fa33846cf8ce72a739110ed786ac319a4ee","Success","Commit Blob","22234752","2025-04-09 23:51:47","0xdbbe3d8c2d2b22a2611c5a94a9a12c2fcd49eb29","World: Batch Submitter","0xff00000000000000000000000000000000000480","","0 ETH","$0.00","0.00011516"
"0x9916f79db73d003a8bc1a716ebcabd7e75b7249e7987ab86232062bfd8573cf7","Success","Commit Blob","22234742","2025-04-09 23:49:47","0xdbbe3d8c2d2b22a2611c5a94a9a12c2fcd49eb29","World: Batch Submitter","0xff00000000000000000000000000000000000480","","0 ETH","$0.00","0.00011829"
"0x2f12ff5738c8d10c7c1427653d275ef8e1ca7dc8fb0853bc1ed252353391ed53","Success","Commit Blob","22234736","2025-04-09 23:48:35","0xdbbe3d8c2d2b22a2611c5a94a9a12c2fcd49eb29","World: Batch Submitter","0xff00000000000000000000000000000000000480","","0 ETH","$0.00","0.00011797"
"0x106442b45263476805b2a6e71e9295fb28c4ab9900003b80c2dc5588f3fb5d28","Success","Commit Blob","22234730","2025-04-09 23:47:23","0xdbbe3d8c2d2b22a2611c5a94a9a12c2fcd49eb29","World: Batch Submitter","0xff00000000000000000000000000000000000480","","0 ETH","$0.00","0.00011819"
"0xc27449f083b801fa6cdbd831f557d8735a8fdb37f8b379155eb2cda2837dce48","Success","Commit Blob","22234722","2025-04-09 23:45:47","0xdbbe3d8c2d2b22a2611c5a94a9a12c2fcd49eb29","World: Batch Submitter","0xff00000000000000000000000000000000000480","","0 ETH","$0.00","0.00011999"
"0x279698e681a78aa0bbde7d3af4033611c134c4c3160f3cc37a80522de49d0eff","Success","Commit Blob","22234716","2025-04-09 23:44:35","0xdbbe3d8c2d2b22a2611c5a94a9a12c2fcd49eb29","World: Batch Submitter","0xff00000000000000000000000000000000000480","","0 ETH","$0.00","0.00012162"
"0xbfd998dfe6c00cb863e6c8d560c56e35b3aaa0cef35a8f060e043edd20241add","Success","Commit Blob","22234710","2025-04-09 23:43:23","0xdbbe3d8c2d2b22a2611c5a94a9a12c2fcd49eb29","World: Batch Submitter","0xff00000000000000000000000000000000000480","","0 ETH","$0.00","0.00012281"
"0xca7dd0a597537ac6029faadf1b18b352bc8711f1641134cf2edff60a33618499","Success","Commit Blob","22234701","2025-04-09 23:41:35","0xdbbe3d8c2d2b22a2611c5a94a9a12c2fcd49eb29","World: Batch Submitter","0xff00000000000000000000000000000000000480","","0 ETH","$0.00","0.00012092"