Parent Transaction Hash,Status,Blockno,DateTime (UTC),From,From_Nametag,To,To_Nametag,Amount,Value (USD)
"0x21ab2574c2644e319612e66394d9841f9b0d508f84449008bc789f04273e89cf","Success","22855200","2025-07-05 19:48:23","0xbD4c8C438C2Cfbe1aA167A960709E4E23e536B06","Fake_Phishing1294056","0x33A267a1E257526f8049aBC81795Ce8E88a1011B","Fake_Phishing1294058","0 ETH","$0.00"
"0x21ab2574c2644e319612e66394d9841f9b0d508f84449008bc789f04273e89cf","Success","22855200","2025-07-05 19:48:23","0xbD4c8C438C2Cfbe1aA167A960709E4E23e536B06","Fake_Phishing1294056","0x33A267a1E257526f8049aBC81795Ce8E88a1011B","Fake_Phishing1294058","0 ETH","$0.00"
"0x21ab2574c2644e319612e66394d9841f9b0d508f84449008bc789f04273e89cf","Success","22855200","2025-07-05 19:48:23","0xbD4c8C438C2Cfbe1aA167A960709E4E23e536B06","Fake_Phishing1294056","0x33A267a1E257526f8049aBC81795Ce8E88a1011B","Fake_Phishing1294058","0 ETH","$0.00"
"0x21ab2574c2644e319612e66394d9841f9b0d508f84449008bc789f04273e89cf","Success","22855200","2025-07-05 19:48:23","0xbD4c8C438C2Cfbe1aA167A960709E4E23e536B06","Fake_Phishing1294056","0x33A267a1E257526f8049aBC81795Ce8E88a1011B","Fake_Phishing1294058","0 ETH","$0.00"
"0x21ab2574c2644e319612e66394d9841f9b0d508f84449008bc789f04273e89cf","Success","22855200","2025-07-05 19:48:23","0xbD4c8C438C2Cfbe1aA167A960709E4E23e536B06","Fake_Phishing1294056","0x33A267a1E257526f8049aBC81795Ce8E88a1011B","Fake_Phishing1294058","0 ETH","$0.00"
"0x21ab2574c2644e319612e66394d9841f9b0d508f84449008bc789f04273e89cf","Success","22855200","2025-07-05 19:48:23","0xbD4c8C438C2Cfbe1aA167A960709E4E23e536B06","Fake_Phishing1294056","0x33A267a1E257526f8049aBC81795Ce8E88a1011B","Fake_Phishing1294058","0 ETH","$0.00"
"0x21ab2574c2644e319612e66394d9841f9b0d508f84449008bc789f04273e89cf","Success","22855200","2025-07-05 19:48:23","0xbD4c8C438C2Cfbe1aA167A960709E4E23e536B06","Fake_Phishing1294056","0x327b210d7557dD44c90A8cd90B74c1daBbE84580","Fake_Phishing1294059","0 ETH","$0.00"
"0x21ab2574c2644e319612e66394d9841f9b0d508f84449008bc789f04273e89cf","Success","22855200","2025-07-05 19:48:23","0xbD4c8C438C2Cfbe1aA167A960709E4E23e536B06","Fake_Phishing1294056","0x327b210d7557dD44c90A8cd90B74c1daBbE84580","Fake_Phishing1294059","0 ETH","$0.00"
"0x21ab2574c2644e319612e66394d9841f9b0d508f84449008bc789f04273e89cf","Success","22855200","2025-07-05 19:48:23","0xbD4c8C438C2Cfbe1aA167A960709E4E23e536B06","Fake_Phishing1294056","0x33A267a1E257526f8049aBC81795Ce8E88a1011B","Fake_Phishing1294058","0 ETH","$0.00"
"0x21ab2574c2644e319612e66394d9841f9b0d508f84449008bc789f04273e89cf","Success","22855200","2025-07-05 19:48:23","0xbD4c8C438C2Cfbe1aA167A960709E4E23e536B06","Fake_Phishing1294056","0x33A267a1E257526f8049aBC81795Ce8E88a1011B","Fake_Phishing1294058","0 ETH","$0.00"
"0x21ab2574c2644e319612e66394d9841f9b0d508f84449008bc789f04273e89cf","Success","22855200","2025-07-05 19:48:23","0xbD4c8C438C2Cfbe1aA167A960709E4E23e536B06","Fake_Phishing1294056","0x33A267a1E257526f8049aBC81795Ce8E88a1011B","Fake_Phishing1294058","0 ETH","$0.00"
"0x21ab2574c2644e319612e66394d9841f9b0d508f84449008bc789f04273e89cf","Success","22855200","2025-07-05 19:48:23","0xbD4c8C438C2Cfbe1aA167A960709E4E23e536B06","Fake_Phishing1294056","0xD162C2cDe5c1dB0455c344609e2D29EBC6e5C963","Fake_Phishing1294060","0 ETH","$0.00"
"0xdc9ae81cc91613f63b88aaefdb9e48b521d81125a9138cc10a6864835090915a","Success","22855199","2025-07-05 19:48:11","0xbD4c8C438C2Cfbe1aA167A960709E4E23e536B06","Fake_Phishing1294056","0xD162C2cDe5c1dB0455c344609e2D29EBC6e5C963","Fake_Phishing1294060","0 ETH","$0.00"
"0xdc9ae81cc91613f63b88aaefdb9e48b521d81125a9138cc10a6864835090915a","Success","22855199","2025-07-05 19:48:11","0xbD4c8C438C2Cfbe1aA167A960709E4E23e536B06","Fake_Phishing1294056","0xC665071FFc99E2552c833485c5d62aa02f8bfa87","Fake_Phishing1294064","0 ETH","$0.00"
"0xdc9ae81cc91613f63b88aaefdb9e48b521d81125a9138cc10a6864835090915a","Success","22855199","2025-07-05 19:48:11","0xbD4c8C438C2Cfbe1aA167A960709E4E23e536B06","Fake_Phishing1294056","0x46fF23Afc19cA879406E25C5994e1E855aB7eBC4","Fake_Phishing1294061","0 ETH","$0.00"
"0xdc9ae81cc91613f63b88aaefdb9e48b521d81125a9138cc10a6864835090915a","Success","22855199","2025-07-05 19:48:11","0xbD4c8C438C2Cfbe1aA167A960709E4E23e536B06","Fake_Phishing1294056","0x33A267a1E257526f8049aBC81795Ce8E88a1011B","Fake_Phishing1294058","0 ETH","$0.00"
"0xdc9ae81cc91613f63b88aaefdb9e48b521d81125a9138cc10a6864835090915a","Success","22855199","2025-07-05 19:48:11","0xbD4c8C438C2Cfbe1aA167A960709E4E23e536B06","Fake_Phishing1294056","0x33A267a1E257526f8049aBC81795Ce8E88a1011B","Fake_Phishing1294058","0 ETH","$0.00"
"0xdc9ae81cc91613f63b88aaefdb9e48b521d81125a9138cc10a6864835090915a","Success","22855199","2025-07-05 19:48:11","0xbD4c8C438C2Cfbe1aA167A960709E4E23e536B06","Fake_Phishing1294056","0x33A267a1E257526f8049aBC81795Ce8E88a1011B","Fake_Phishing1294058","0 ETH","$0.00"
"0xdc9ae81cc91613f63b88aaefdb9e48b521d81125a9138cc10a6864835090915a","Success","22855199","2025-07-05 19:48:11","0xbD4c8C438C2Cfbe1aA167A960709E4E23e536B06","Fake_Phishing1294056","0x33A267a1E257526f8049aBC81795Ce8E88a1011B","Fake_Phishing1294058","0 ETH","$0.00"
"0xdc9ae81cc91613f63b88aaefdb9e48b521d81125a9138cc10a6864835090915a","Success","22855199","2025-07-05 19:48:11","0xbD4c8C438C2Cfbe1aA167A960709E4E23e536B06","Fake_Phishing1294056","0xC665071FFc99E2552c833485c5d62aa02f8bfa87","Fake_Phishing1294064","0 ETH","$0.00"
"0xdc9ae81cc91613f63b88aaefdb9e48b521d81125a9138cc10a6864835090915a","Success","22855199","2025-07-05 19:48:11","0xbD4c8C438C2Cfbe1aA167A960709E4E23e536B06","Fake_Phishing1294056","0x33A267a1E257526f8049aBC81795Ce8E88a1011B","Fake_Phishing1294058","0 ETH","$0.00"
"0xdc9ae81cc91613f63b88aaefdb9e48b521d81125a9138cc10a6864835090915a","Success","22855199","2025-07-05 19:48:11","0xbD4c8C438C2Cfbe1aA167A960709E4E23e536B06","Fake_Phishing1294056","0x327b210d7557dD44c90A8cd90B74c1daBbE84580","Fake_Phishing1294059","0 ETH","$0.00"
"0xdc9ae81cc91613f63b88aaefdb9e48b521d81125a9138cc10a6864835090915a","Success","22855199","2025-07-05 19:48:11","0xbD4c8C438C2Cfbe1aA167A960709E4E23e536B06","Fake_Phishing1294056","0x33A267a1E257526f8049aBC81795Ce8E88a1011B","Fake_Phishing1294058","0 ETH","$0.00"
"0xdc9ae81cc91613f63b88aaefdb9e48b521d81125a9138cc10a6864835090915a","Success","22855199","2025-07-05 19:48:11","0xbD4c8C438C2Cfbe1aA167A960709E4E23e536B06","Fake_Phishing1294056","0x327b210d7557dD44c90A8cd90B74c1daBbE84580","Fake_Phishing1294059","0 ETH","$0.00"
"0xdc9ae81cc91613f63b88aaefdb9e48b521d81125a9138cc10a6864835090915a","Success","22855199","2025-07-05 19:48:11","0xbD4c8C438C2Cfbe1aA167A960709E4E23e536B06","Fake_Phishing1294056","0x327b210d7557dD44c90A8cd90B74c1daBbE84580","Fake_Phishing1294059","0 ETH","$0.00"